<?xml version = '1.0' encoding = 'UTF-8'?>
<Table class="oracle.dbtools.crest.model.design.relational.Table" directorySegmentName="seg_0" id="60B5EAC7-8271-8786-4430-415B5B6EB54B" name="Ubicacion">
<createdBy>aldoo</createdBy>
<createdTime>2024-08-27 01:59:21 UTC</createdTime>
<ownerDesignName>Exp1_S3_Aldo_Osorio</ownerDesignName>
<ordsAlias>table_2</ordsAlias>
<allowColumnReorder>false</allowColumnReorder>
<existDependencyGenerateInDDl>true</existDependencyGenerateInDDl>
<parsed>true</parsed>
<columns itemClass="oracle.dbtools.crest.model.design.relational.Column">
<Column name="UbicacionId" id="7B20D3E9-FB29-09E2-398B-475134F80438">
<createdBy>aldoo</createdBy>
<createdTime>2024-08-27 02:00:27 UTC</createdTime>
<ownerDesignName>Exp1_S3_Aldo_Osorio</ownerDesignName>
<nullsAllowed>true</nullsAllowed>
<use>0</use>
<ownDataTypeParameters>,,</ownDataTypeParameters>
<autoIncrementCycle>false</autoIncrementCycle>
</Column>
<Column name="nombreCiudad" id="AC3372B8-C4B9-FAB7-46F3-598F7788C7E9">
<createdBy>aldoo</createdBy>
<createdTime>2024-08-27 02:00:27 UTC</createdTime>
<ownerDesignName>Exp1_S3_Aldo_Osorio</ownerDesignName>
<nullsAllowed>true</nullsAllowed>
<use>0</use>
<ownDataTypeParameters>,,</ownDataTypeParameters>
<autoIncrementCycle>false</autoIncrementCycle>
</Column>
<Column name="region" id="381D30D6-EE10-C38B-8635-155595A1132F">
<createdBy>aldoo</createdBy>
<createdTime>2024-08-27 02:00:27 UTC</createdTime>
<ownerDesignName>Exp1_S3_Aldo_Osorio</ownerDesignName>
<nullsAllowed>true</nullsAllowed>
<use>0</use>
<ownDataTypeParameters>,,</ownDataTypeParameters>
<autoIncrementCycle>false</autoIncrementCycle>
</Column>
<Column name="huertoId" id="D9ED067A-B75C-9708-D2F1-3365C8F77798">
<createdBy>aldoo</createdBy>
<createdTime>2024-08-27 02:00:27 UTC</createdTime>
<ownerDesignName>Exp1_S3_Aldo_Osorio</ownerDesignName>
<nullsAllowed>true</nullsAllowed>
<use>0</use>
<ownDataTypeParameters>,,</ownDataTypeParameters>
<autoIncrementCycle>false</autoIncrementCycle>
</Column>
<Column name="arbolID" id="3812FF39-2E61-4214-A0F8-CE37825E8A0C">
<createdBy>aldoo</createdBy>
<createdTime>2024-08-27 02:00:27 UTC</createdTime>
<ownerDesignName>Exp1_S3_Aldo_Osorio</ownerDesignName>
<nullsAllowed>true</nullsAllowed>
<use>0</use>
<ownDataTypeParameters>,,</ownDataTypeParameters>
<autoIncrementCycle>false</autoIncrementCycle>
</Column>
</columns>
</Table>