<?xml version = '1.0' encoding = 'UTF-8'?>
<Table class="oracle.dbtools.crest.model.design.relational.Table" directorySegmentName="seg_0" id="BEB6D139-E49F-DF3E-FF91-7DD002B6670F" name="Area">
<createdBy>aldoo</createdBy>
<createdTime>2024-08-27 01:56:08 UTC</createdTime>
<ownerDesignName>Exp1_S3_Aldo_Osorio</ownerDesignName>
<ordsAlias>table_1</ordsAlias>
<allowColumnReorder>false</allowColumnReorder>
<existDependencyGenerateInDDl>true</existDependencyGenerateInDDl>
<parsed>true</parsed>
<columns itemClass="oracle.dbtools.crest.model.design.relational.Column">
<Column name="areaId" id="3E94F02F-2E1E-9CE3-B010-642B04455D61">
<createdBy>aldoo</createdBy>
<createdTime>2024-08-27 01:58:44 UTC</createdTime>
<ownerDesignName>Exp1_S3_Aldo_Osorio</ownerDesignName>
<use>0</use>
<ownDataTypeParameters>,,</ownDataTypeParameters>
<autoIncrementCycle>false</autoIncrementCycle>
</Column>
<Column name="tamaño" id="6D323744-F380-4258-F86E-57230A440CDC">
<createdBy>aldoo</createdBy>
<createdTime>2024-08-27 01:58:44 UTC</createdTime>
<ownerDesignName>Exp1_S3_Aldo_Osorio</ownerDesignName>
<nullsAllowed>true</nullsAllowed>
<use>0</use>
<ownDataTypeParameters>,,</ownDataTypeParameters>
<autoIncrementCycle>false</autoIncrementCycle>
</Column>
<Column name="ubicacionID" id="33A4E790-4F85-6B04-9CFD-8C496ED81705">
<createdBy>aldoo</createdBy>
<createdTime>2024-08-27 01:58:44 UTC</createdTime>
<ownerDesignName>Exp1_S3_Aldo_Osorio</ownerDesignName>
<nullsAllowed>true</nullsAllowed>
<use>0</use>
<ownDataTypeParameters>,,</ownDataTypeParameters>
<autoIncrementCycle>false</autoIncrementCycle>
</Column>
</columns>
<indexes itemClass="oracle.dbtools.crest.model.design.relational.Index">
<ind_PK_UK id="76A47B75-5311-0393-DE6F-8918FC66B0A7" name="Area_PK">
<createdBy>aldoo</createdBy>
<createdTime>2024-08-27 01:59:04 UTC</createdTime>
<ownerDesignName>Exp1_S3_Aldo_Osorio</ownerDesignName>
<pk>true</pk>
<indexState>Primary Constraint</indexState>
<isSurrogateKey>false</isSurrogateKey>
<indexColumnUsage>
<colUsage columnID="3E94F02F-2E1E-9CE3-B010-642B04455D61"/>
</indexColumnUsage>
</ind_PK_UK>
</indexes>
</Table>