<?xml version = '1.0' encoding = 'UTF-8'?>
<Table class="oracle.dbtools.crest.model.design.relational.Table" directorySegmentName="seg_0" id="ECB74AF8-E654-D737-635A-000FFBE28D1C" name="Arbol">
<createdBy>aldoo</createdBy>
<createdTime>2024-08-27 02:01:46 UTC</createdTime>
<ownerDesignName>Exp1_S3_Aldo_Osorio</ownerDesignName>
<ordsAlias>table_3</ordsAlias>
<allowColumnReorder>false</allowColumnReorder>
<existDependencyGenerateInDDl>true</existDependencyGenerateInDDl>
<parsed>true</parsed>
<columns itemClass="oracle.dbtools.crest.model.design.relational.Column">
<Column name="arbolId" id="CEAFF391-FA0C-9924-734D-D26C30BFC1D6">
<createdBy>aldoo</createdBy>
<createdTime>2024-08-27 02:03:05 UTC</createdTime>
<ownerDesignName>Exp1_S3_Aldo_Osorio</ownerDesignName>
<nullsAllowed>true</nullsAllowed>
<use>0</use>
<ownDataTypeParameters>,,</ownDataTypeParameters>
<autoIncrementCycle>false</autoIncrementCycle>
</Column>
<Column name="añoPlantado" id="5EB5EABA-28C7-F9AC-502D-1173B031D424">
<createdBy>aldoo</createdBy>
<createdTime>2024-08-27 02:03:05 UTC</createdTime>
<ownerDesignName>Exp1_S3_Aldo_Osorio</ownerDesignName>
<nullsAllowed>true</nullsAllowed>
<use>0</use>
<ownDataTypeParameters>,,</ownDataTypeParameters>
<autoIncrementCycle>false</autoIncrementCycle>
</Column>
<Column name="añoMuerte" id="11FC46F5-D62C-EE00-394D-6B2FD9671822">
<createdBy>aldoo</createdBy>
<createdTime>2024-08-27 02:03:05 UTC</createdTime>
<ownerDesignName>Exp1_S3_Aldo_Osorio</ownerDesignName>
<nullsAllowed>true</nullsAllowed>
<use>0</use>
<ownDataTypeParameters>,,</ownDataTypeParameters>
<autoIncrementCycle>false</autoIncrementCycle>
</Column>
<Column name="especie" id="B50F335E-D8DA-8263-910F-67D97C7C7AE6">
<createdBy>aldoo</createdBy>
<createdTime>2024-08-27 02:03:05 UTC</createdTime>
<ownerDesignName>Exp1_S3_Aldo_Osorio</ownerDesignName>
<nullsAllowed>true</nullsAllowed>
<use>0</use>
<ownDataTypeParameters>,,</ownDataTypeParameters>
<autoIncrementCycle>false</autoIncrementCycle>
</Column>
<Column name="variedad" id="246D8645-D54D-E8EF-19DC-6BF2A8927198">
<createdBy>aldoo</createdBy>
<createdTime>2024-08-27 02:03:05 UTC</createdTime>
<ownerDesignName>Exp1_S3_Aldo_Osorio</ownerDesignName>
<nullsAllowed>true</nullsAllowed>
<use>0</use>
<ownDataTypeParameters>,,</ownDataTypeParameters>
<autoIncrementCycle>false</autoIncrementCycle>
</Column>
<Column name="injerto" id="3B9BEB37-17C4-26E1-B317-828BEF788E29">
<createdBy>aldoo</createdBy>
<createdTime>2024-08-27 02:03:05 UTC</createdTime>
<ownerDesignName>Exp1_S3_Aldo_Osorio</ownerDesignName>
<nullsAllowed>true</nullsAllowed>
<use>0</use>
<ownDataTypeParameters>,,</ownDataTypeParameters>
<autoIncrementCycle>false</autoIncrementCycle>
</Column>
</columns>
</Table>