<?xml version = '1.0' encoding = 'UTF-8'?>
<Diagram class="oracle.dbtools.crest.swingui.logical.DPVLogical" name="Logical" id="325BA7F7-5C57-3B84-7F4B-EE7BA6080797">
<createdBy>aldoo</createdBy>
<modifiedBy>aldoo</modifiedBy>
<createdTime>2024-08-27 01:14:45 UTC</createdTime>
<autoRoute>false</autoRoute>
<boxInbox>true</boxInbox>
<showLegend>false</showLegend>
<showLabels>false</showLabels>
<showRelAttributes>false</showRelAttributes>
<gridEnabled>false</gridEnabled>
<showGrid>false</showGrid>
<diagramColor>-1</diagramColor>
<display>false</display>
<notation>1</notation>
<objectViews>
<OView class="oracle.dbtools.crest.swingui.logical.TVEntity" oid="084DB4A8-13B1-D32D-CD99-3A13D69C079F" otype="Entity" vid="50D44EFA-467E-34F7-CAA7-3D48332A0AF1">
<hideElementsInCurrentOnly>false</hideElementsInCurrentOnly>
<bounds x="533" y="51" width="243" height="151"/>
</OView>
<OView class="oracle.dbtools.crest.swingui.logical.TVEntity" oid="D21AE77B-CFE5-443D-92EB-344A2B16FB2C" otype="Entity" vid="CFA0629C-2459-B5EF-C5F0-E1CB22B6611C">
<hideElementsInCurrentOnly>false</hideElementsInCurrentOnly>
<bounds x="117" y="476" width="238" height="109"/>
</OView>
<OView class="oracle.dbtools.crest.swingui.logical.TVEntity" oid="DAF0E33C-D61A-AAE5-B6E0-5DBE3F479A44" otype="Entity" vid="5E082964-4DB9-DAF2-78E3-34B6BEBE1704">
<hideElementsInCurrentOnly>false</hideElementsInCurrentOnly>
<bounds x="53" y="50" width="168" height="64"/>
</OView>
</objectViews>
<connectors>
<Connector class="oracle.dbtools.crest.swingui.logical.TVRelation" oid="2FA263A7-D5CA-4204-90ED-815FB907F294" otype="Relation" vid_source="50D44EFA-467E-34F7-CAA7-3D48332A0AF1" vid_target="5E082964-4DB9-DAF2-78E3-34B6BEBE1704">
<hideElementsInCurrentOnly>false</hideElementsInCurrentOnly>
<backgroundColor>-16777216</backgroundColor>
<lineWidth>1</lineWidth>
<points>
<point x="533" y="82"/>
<point x="221" y="82"/>
</points>
</Connector>
<Connector class="oracle.dbtools.crest.swingui.logical.TVRelation" oid="6638D8F9-3677-C11E-4606-1A37298C428B" otype="Relation" vid_source="5E082964-4DB9-DAF2-78E3-34B6BEBE1704" vid_target="CFA0629C-2459-B5EF-C5F0-E1CB22B6611C">
<hideElementsInCurrentOnly>false</hideElementsInCurrentOnly>
<backgroundColor>-16777216</backgroundColor>
<lineWidth>1</lineWidth>
<points>
<point x="169" y="114"/>
<point x="169" y="476"/>
</points>
</Connector>
</connectors>
</Diagram>