<?xml version = '1.0' encoding = 'UTF-8'?>
<Relation class="oracle.dbtools.crest.model.design.logical.Relation" name="Relation_1" directorySegmentName="seg_0" id="2FA263A7-D5CA-4204-90ED-815FB907F294">
<createdBy>aldoo</createdBy>
<createdTime>2024-08-27 01:47:46 UTC</createdTime>
<ownerDesignName>Exp1_S3_Aldo_Osorio</ownerDesignName>
<engineerTo>
<item key="2A8713A4-4EE3-80FD-898F-0808985FDD2C" value="true"/>
<item key="7E4C579A-D0C3-7034-B863-BD223E5CFFDC" value="true"/>
</engineerTo>
<sourcePk>15A75D62-78BC-466B-472F-D1F668F3D10A</sourcePk>
<identifying>false</identifying>
<optionalSource>true</optionalSource>
<optionalTarget>false</optionalTarget>
<sourceCardinality>1</sourceCardinality>
<sourceEntity>084DB4A8-13B1-D32D-CD99-3A13D69C079F</sourceEntity>
<targetCardinalityString>*</targetCardinalityString>
<targetEntity>DAF0E33C-D61A-AAE5-B6E0-5DBE3F479A44</targetEntity>
<transferable>true</transferable>
<deleteRule>NO ACTION</deleteRule>
</Relation>