<?xml version = '1.0' encoding = 'UTF-8'?>
<Relation class="oracle.dbtools.crest.model.design.logical.Relation" name="Relation_2" directorySegmentName="seg_0" id="6638D8F9-3677-C11E-4606-1A37298C428B">
<createdBy>aldoo</createdBy>
<createdTime>2024-08-27 01:51:37 UTC</createdTime>
<ownerDesignName>Exp1_S3_Aldo_Osorio</ownerDesignName>
<engineerTo>
<item key="2A8713A4-4EE3-80FD-898F-0808985FDD2C" value="true"/>
<item key="7E4C579A-D0C3-7034-B863-BD223E5CFFDC" value="true"/>
</engineerTo>
<sourcePk>F7721B7D-0F2D-03C7-DE53-7F96B049705E</sourcePk>
<identifying>false</identifying>
<optionalSource>true</optionalSource>
<optionalTarget>false</optionalTarget>
<sourceCardinality>1</sourceCardinality>
<sourceEntity>DAF0E33C-D61A-AAE5-B6E0-5DBE3F479A44</sourceEntity>
<targetCardinalityString>*</targetCardinalityString>
<targetEntity>D21AE77B-CFE5-443D-92EB-344A2B16FB2C</targetEntity>
<transferable>true</transferable>
<deleteRule>NO ACTION</deleteRule>
</Relation>