<?xml version = '1.0' encoding = 'UTF-8'?>
<Entity class="oracle.dbtools.crest.model.design.logical.Entity" directorySegmentName="seg_0" id="084DB4A8-13B1-D32D-CD99-3A13D69C079F" name="Arbol">
<createdBy>aldoo</createdBy>
<createdTime>2024-08-27 01:25:04 UTC</createdTime>
<ownerDesignName>Exp1_S3_Aldo_Osorio</ownerDesignName>
<engineerTo>
<item key="2A8713A4-4EE3-80FD-898F-0808985FDD2C" value="true"/>
<item key="7E4C579A-D0C3-7034-B863-BD223E5CFFDC" value="true"/>
</engineerTo>
<adequatelyNormalized>NO</adequatelyNormalized>
<expectedVolumes>0</expectedVolumes>
<fwdEngineeringStrategyName>Single Table</fwdEngineeringStrategyName>
<growthPercent>0</growthPercent>
<growthType>Year</growthType>
<maxVolumes>9999999</maxVolumes>
<minVolumes>0</minVolumes>
<normalForm>Third</normalForm>
<attributes itemClass="oracle.dbtools.crest.model.design.logical.Attribute">
<Attribute name="arbolId" id="8875F1DB-7C69-1A7A-8DA1-23EB9F0F076E">
<createdBy>aldoo</createdBy>
<createdTime>2024-08-27 01:27:48 UTC</createdTime>
<ownerDesignName>Exp1_S3_Aldo_Osorio</ownerDesignName>
<engineerTo>
<item key="2A8713A4-4EE3-80FD-898F-0808985FDD2C" value="true"/>
<item key="7E4C579A-D0C3-7034-B863-BD223E5CFFDC" value="true"/>
</engineerTo>
<use>0</use>
<ownDataTypeParameters>,,</ownDataTypeParameters>
</Attribute>
<Attribute name="añoPlantado" id="A158DA35-FA27-3293-FC41-E21FEAB425F2">
<createdBy>aldoo</createdBy>
<createdTime>2024-08-27 01:28:11 UTC</createdTime>
<ownerDesignName>Exp1_S3_Aldo_Osorio</ownerDesignName>
<engineerTo>
<item key="2A8713A4-4EE3-80FD-898F-0808985FDD2C" value="true"/>
<item key="7E4C579A-D0C3-7034-B863-BD223E5CFFDC" value="true"/>
</engineerTo>
<nullsAllowed>true</nullsAllowed>
<use>0</use>
<ownDataTypeParameters>,,</ownDataTypeParameters>
</Attribute>
<Attribute name="añoMuerte" id="BFEFAD0F-6E52-6458-339D-916CB2526FDF">
<createdBy>aldoo</createdBy>
<createdTime>2024-08-27 01:28:23 UTC</createdTime>
<ownerDesignName>Exp1_S3_Aldo_Osorio</ownerDesignName>
<engineerTo>
<item key="2A8713A4-4EE3-80FD-898F-0808985FDD2C" value="true"/>
<item key="7E4C579A-D0C3-7034-B863-BD223E5CFFDC" value="true"/>
</engineerTo>
<nullsAllowed>true</nullsAllowed>
<use>0</use>
<ownDataTypeParameters>,,</ownDataTypeParameters>
</Attribute>
<Attribute name="especie" id="6DC1EAB6-1996-9071-A0E3-E41658369268">
<createdBy>aldoo</createdBy>
<createdTime>2024-08-27 01:28:30 UTC</createdTime>
<ownerDesignName>Exp1_S3_Aldo_Osorio</ownerDesignName>
<engineerTo>
<item key="2A8713A4-4EE3-80FD-898F-0808985FDD2C" value="true"/>
<item key="7E4C579A-D0C3-7034-B863-BD223E5CFFDC" value="true"/>
</engineerTo>
<nullsAllowed>true</nullsAllowed>
<use>0</use>
<ownDataTypeParameters>,,</ownDataTypeParameters>
</Attribute>
<Attribute name="variedad" id="F50C5F2D-9E56-2B34-A592-0510823DFF11">
<createdBy>aldoo</createdBy>
<createdTime>2024-08-27 01:28:36 UTC</createdTime>
<ownerDesignName>Exp1_S3_Aldo_Osorio</ownerDesignName>
<engineerTo>
<item key="2A8713A4-4EE3-80FD-898F-0808985FDD2C" value="true"/>
<item key="7E4C579A-D0C3-7034-B863-BD223E5CFFDC" value="true"/>
</engineerTo>
<nullsAllowed>true</nullsAllowed>
<use>0</use>
<ownDataTypeParameters>,,</ownDataTypeParameters>
</Attribute>
<Attribute name="injerto" id="81E726BB-1C93-3D50-DD29-E45A8AB24FFA">
<createdBy>aldoo</createdBy>
<createdTime>2024-08-27 01:28:41 UTC</createdTime>
<ownerDesignName>Exp1_S3_Aldo_Osorio</ownerDesignName>
<engineerTo>
<item key="2A8713A4-4EE3-80FD-898F-0808985FDD2C" value="true"/>
<item key="7E4C579A-D0C3-7034-B863-BD223E5CFFDC" value="true"/>
</engineerTo>
<nullsAllowed>true</nullsAllowed>
<use>0</use>
<ownDataTypeParameters>,,</ownDataTypeParameters>
</Attribute>
</attributes>
<identifiers itemClass="oracle.dbtools.crest.model.design.logical.CandidateKey">
<identifier id="15A75D62-78BC-466B-472F-D1F668F3D10A" name="Arbol PK">
<createdBy>aldoo</createdBy>
<createdTime>2024-08-27 01:40:11 UTC</createdTime>
<ownerDesignName>Exp1_S3_Aldo_Osorio</ownerDesignName>
<engineerTo>
<item key="2A8713A4-4EE3-80FD-898F-0808985FDD2C" value="true"/>
<item key="7E4C579A-D0C3-7034-B863-BD223E5CFFDC" value="true"/>
</engineerTo>
<pk>true</pk>
<usedAttributes>
<attributeRef>8875F1DB-7C69-1A7A-8DA1-23EB9F0F076E</attributeRef>
</usedAttributes>
</identifier>
</identifiers>
</Entity>