<?xml version = '1.0' encoding = 'UTF-8'?>
<Entity class="oracle.dbtools.crest.model.design.logical.Entity" directorySegmentName="seg_0" id="D21AE77B-CFE5-443D-92EB-344A2B16FB2C" name="Ubicacion">
<createdBy>aldoo</createdBy>
<createdTime>2024-08-27 01:29:39 UTC</createdTime>
<ownerDesignName>Exp1_S3_Aldo_Osorio</ownerDesignName>
<engineerTo>
<item key="2A8713A4-4EE3-80FD-898F-0808985FDD2C" value="true"/>
<item key="7E4C579A-D0C3-7034-B863-BD223E5CFFDC" value="true"/>
</engineerTo>
<adequatelyNormalized>NO</adequatelyNormalized>
<expectedVolumes>0</expectedVolumes>
<fwdEngineeringStrategyName>Single Table</fwdEngineeringStrategyName>
<growthPercent>0</growthPercent>
<growthType>Year</growthType>
<maxVolumes>9999999</maxVolumes>
<minVolumes>0</minVolumes>
<normalForm>Third</normalForm>
<attributes itemClass="oracle.dbtools.crest.model.design.logical.Attribute">
<Attribute name="ubicacionID" id="245E903A-6B61-87EC-CBB2-76A18C7083E3">
<createdBy>aldoo</createdBy>
<createdTime>2024-08-27 01:29:47 UTC</createdTime>
<ownerDesignName>Exp1_S3_Aldo_Osorio</ownerDesignName>
<engineerTo>
<item key="2A8713A4-4EE3-80FD-898F-0808985FDD2C" value="true"/>
<item key="7E4C579A-D0C3-7034-B863-BD223E5CFFDC" value="true"/>
</engineerTo>
<use>0</use>
<ownDataTypeParameters>,,</ownDataTypeParameters>
</Attribute>
<Attribute name="nombreCiudad" id="DBB57922-0833-26F9-21C6-2576FD0B3D1E">
<createdBy>aldoo</createdBy>
<createdTime>2024-08-27 01:37:17 UTC</createdTime>
<ownerDesignName>Exp1_S3_Aldo_Osorio</ownerDesignName>
<engineerTo>
<item key="2A8713A4-4EE3-80FD-898F-0808985FDD2C" value="true"/>
<item key="7E4C579A-D0C3-7034-B863-BD223E5CFFDC" value="true"/>
</engineerTo>
<nullsAllowed>true</nullsAllowed>
<use>0</use>
<ownDataTypeParameters>,,</ownDataTypeParameters>
</Attribute>
<Attribute name="region" id="9B048603-388E-7E10-819F-F0260C974154">
<createdBy>aldoo</createdBy>
<createdTime>2024-08-27 01:38:09 UTC</createdTime>
<ownerDesignName>Exp1_S3_Aldo_Osorio</ownerDesignName>
<engineerTo>
<item key="2A8713A4-4EE3-80FD-898F-0808985FDD2C" value="true"/>
<item key="7E4C579A-D0C3-7034-B863-BD223E5CFFDC" value="true"/>
</engineerTo>
<nullsAllowed>true</nullsAllowed>
<use>0</use>
<ownDataTypeParameters>,,</ownDataTypeParameters>
</Attribute>
<Attribute name="areaId" id="14EE1458-DCD3-C8E0-61A6-89F5562906B4">
<createdBy>aldoo</createdBy>
<createdTime>2024-08-27 01:51:54 UTC</createdTime>
<generatorID>6638D8F9-3677-C11E-4606-1A37298C428B</generatorID>
<ownerDesignName>Exp1_S3_Aldo_Osorio</ownerDesignName>
<engineerTo>
<item key="2A8713A4-4EE3-80FD-898F-0808985FDD2C" value="true"/>
<item key="7E4C579A-D0C3-7034-B863-BD223E5CFFDC" value="true"/>
</engineerTo>
<referedAttribute>1FE27335-9DE1-8C15-ECBB-53EAF5B576F3</referedAttribute>
<use>0</use>
<ownDataTypeParameters>,,</ownDataTypeParameters>
</Attribute>
<Attribute name="huertoID-FK" id="EAD15994-2089-AF31-BE22-F2143EE46B4D">
<createdBy>aldoo</createdBy>
<createdTime>2024-08-27 01:52:35 UTC</createdTime>
<ownerDesignName>Exp1_S3_Aldo_Osorio</ownerDesignName>
<engineerTo>
<item key="2A8713A4-4EE3-80FD-898F-0808985FDD2C" value="true"/>
<item key="7E4C579A-D0C3-7034-B863-BD223E5CFFDC" value="true"/>
</engineerTo>
<nullsAllowed>true</nullsAllowed>
<use>0</use>
<ownDataTypeParameters>,,</ownDataTypeParameters>
</Attribute>
<Attribute name="arbolId-FK" id="FF333FA5-17AC-78AC-5062-F2732D8D008B">
<createdBy>aldoo</createdBy>
<createdTime>2024-08-27 01:53:34 UTC</createdTime>
<ownerDesignName>Exp1_S3_Aldo_Osorio</ownerDesignName>
<engineerTo>
<item key="2A8713A4-4EE3-80FD-898F-0808985FDD2C" value="true"/>
<item key="7E4C579A-D0C3-7034-B863-BD223E5CFFDC" value="true"/>
</engineerTo>
<nullsAllowed>true</nullsAllowed>
<use>0</use>
<ownDataTypeParameters>,,</ownDataTypeParameters>
</Attribute>
</attributes>
<identifiers itemClass="oracle.dbtools.crest.model.design.logical.CandidateKey">
<identifier id="87EF51CA-1698-AFD3-4E95-5C4CB963B350" name="Ubicacion PK">
<createdBy>aldoo</createdBy>
<createdTime>2024-08-27 01:40:02 UTC</createdTime>
<ownerDesignName>Exp1_S3_Aldo_Osorio</ownerDesignName>
<engineerTo>
<item key="2A8713A4-4EE3-80FD-898F-0808985FDD2C" value="true"/>
<item key="7E4C579A-D0C3-7034-B863-BD223E5CFFDC" value="true"/>
</engineerTo>
<pk>true</pk>
<usedAttributes>
<attributeRef>245E903A-6B61-87EC-CBB2-76A18C7083E3</attributeRef>
</usedAttributes>
</identifier>
</identifiers>
</Entity>