<?xml version = '1.0' encoding = 'UTF-8'?>
<Entity class="oracle.dbtools.crest.model.design.logical.Entity" directorySegmentName="seg_0" id="DAF0E33C-D61A-AAE5-B6E0-5DBE3F479A44" name="Huerto">
<createdBy>aldoo</createdBy>
<createdTime>2024-08-27 01:16:13 UTC</createdTime>
<ownerDesignName>Exp1_S3_Aldo_Osorio</ownerDesignName>
<engineerTo>
<item key="2A8713A4-4EE3-80FD-898F-0808985FDD2C" value="true"/>
<item key="7E4C579A-D0C3-7034-B863-BD223E5CFFDC" value="true"/>
</engineerTo>
<adequatelyNormalized>NO</adequatelyNormalized>
<expectedVolumes>0</expectedVolumes>
<fwdEngineeringStrategyName>Single Table</fwdEngineeringStrategyName>
<growthPercent>0</growthPercent>
<growthType>Year</growthType>
<maxVolumes>9999999</maxVolumes>
<minVolumes>0</minVolumes>
<normalForm>Third</normalForm>
<attributes itemClass="oracle.dbtools.crest.model.design.logical.Attribute">
<Attribute name="areaId" id="1FE27335-9DE1-8C15-ECBB-53EAF5B576F3">
<createdBy>aldoo</createdBy>
<createdTime>2024-08-27 01:24:25 UTC</createdTime>
<ownerDesignName>Exp1_S3_Aldo_Osorio</ownerDesignName>
<engineerTo>
<item key="2A8713A4-4EE3-80FD-898F-0808985FDD2C" value="true"/>
<item key="7E4C579A-D0C3-7034-B863-BD223E5CFFDC" value="true"/>
</engineerTo>
<use>0</use>
<ownDataTypeParameters>,,</ownDataTypeParameters>
</Attribute>
<Attribute name="tamaño" id="E00E3670-216B-C96B-6B68-5EF9C32E5BAD">
<createdBy>aldoo</createdBy>
<createdTime>2024-08-27 01:35:51 UTC</createdTime>
<ownerDesignName>Exp1_S3_Aldo_Osorio</ownerDesignName>
<engineerTo>
<item key="2A8713A4-4EE3-80FD-898F-0808985FDD2C" value="true"/>
<item key="7E4C579A-D0C3-7034-B863-BD223E5CFFDC" value="true"/>
</engineerTo>
<nullsAllowed>true</nullsAllowed>
<use>0</use>
<ownDataTypeParameters>,,</ownDataTypeParameters>
</Attribute>
<Attribute name="ubicacionId" id="693725CE-6716-06CC-C6F1-18D795A03251">
<createdBy>aldoo</createdBy>
<createdTime>2024-08-27 01:36:10 UTC</createdTime>
<ownerDesignName>Exp1_S3_Aldo_Osorio</ownerDesignName>
<engineerTo>
<item key="2A8713A4-4EE3-80FD-898F-0808985FDD2C" value="true"/>
<item key="7E4C579A-D0C3-7034-B863-BD223E5CFFDC" value="true"/>
</engineerTo>
<nullsAllowed>true</nullsAllowed>
<use>0</use>
<ownDataTypeParameters>,,</ownDataTypeParameters>
</Attribute>
<Attribute name="arbolId" id="93AEC7AB-C460-8DCD-F9B8-E9B920C6AC35">
<createdBy>aldoo</createdBy>
<createdTime>2024-08-27 01:48:28 UTC</createdTime>
<generatorID>2FA263A7-D5CA-4204-90ED-815FB907F294</generatorID>
<ownerDesignName>Exp1_S3_Aldo_Osorio</ownerDesignName>
<engineerTo>
<item key="2A8713A4-4EE3-80FD-898F-0808985FDD2C" value="true"/>
<item key="7E4C579A-D0C3-7034-B863-BD223E5CFFDC" value="true"/>
</engineerTo>
<referedAttribute>8875F1DB-7C69-1A7A-8DA1-23EB9F0F076E</referedAttribute>
<use>0</use>
<ownDataTypeParameters>,,</ownDataTypeParameters>
</Attribute>
</attributes>
<identifiers itemClass="oracle.dbtools.crest.model.design.logical.CandidateKey">
<identifier id="F7721B7D-0F2D-03C7-DE53-7F96B049705E" name="Huerto PK">
<createdBy>aldoo</createdBy>
<createdTime>2024-08-27 01:39:49 UTC</createdTime>
<ownerDesignName>Exp1_S3_Aldo_Osorio</ownerDesignName>
<engineerTo>
<item key="2A8713A4-4EE3-80FD-898F-0808985FDD2C" value="true"/>
<item key="7E4C579A-D0C3-7034-B863-BD223E5CFFDC" value="true"/>
</engineerTo>
<pk>true</pk>
<usedAttributes>
<attributeRef>1FE27335-9DE1-8C15-ECBB-53EAF5B576F3</attributeRef>
</usedAttributes>
</identifier>
</identifiers>
</Entity>