<?xml version = '1.0' encoding = 'UTF-8'?>
<relationalModel class="oracle.dbtools.crest.model.design.relational.RelationalDesign" name="Relational_2" id="2A8713A4-4EE3-80FD-898F-0808985FDD2C" mainViewID="C0682720-3AFC-A4A3-D58E-10636245F258">
<createdBy>aldoo</createdBy>
<createdTime>2024-08-27 01:55:50 UTC</createdTime>
<ownerDesignName>Exp1_S3_Aldo_Osorio</ownerDesignName>
<shouldBeOpen>true</shouldBeOpen>
<selectedRDBMSSite>32076570-2523-435C-2E92-BF29817DFF70</selectedRDBMSSite>
</relationalModel>