<?xml version = '1.0' encoding = 'UTF-8'?>
<relationalModel class="oracle.dbtools.crest.model.design.relational.RelationalDesign" name="Relational_1" id="7E4C579A-D0C3-7034-B863-BD223E5CFFDC" mainViewID="3E2230D4-3E3F-6D16-4047-B82C4376608B">
<createdBy>aldoo</createdBy>
<createdTime>2024-08-27 01:06:39 UTC</createdTime>
<ownerDesignName>Exp1_S3_Aldo_Osorio</ownerDesignName>
<shouldBeOpen>true</shouldBeOpen>
<selectedRDBMSSite>32076570-2523-435C-2E92-BF29817DFF70</selectedRDBMSSite>
</relationalModel>