<?xml version = '1.0' encoding = 'UTF-8'?>
<Diagram class="oracle.dbtools.crest.swingui.relational.DPVRelational" name="Relational_2" id="C0682720-3AFC-A4A3-D58E-10636245F258">
<createdBy>aldoo</createdBy>
<modifiedBy>aldoo</modifiedBy>
<createdTime>2024-08-27 01:55:50 UTC</createdTime>
<autoRoute>false</autoRoute>
<boxInbox>true</boxInbox>
<showLegend>false</showLegend>
<showLabels>false</showLabels>
<showRelAttributes>false</showRelAttributes>
<gridEnabled>false</gridEnabled>
<showGrid>false</showGrid>
<diagramColor>-1</diagramColor>
<display>false</display>
<notation>1</notation>
<objectViews>
<OView class="oracle.dbtools.crest.swingui.relational.TVTable" oid="60B5EAC7-8271-8786-4430-415B5B6EB54B" otype="Table" vid="AD0349B2-D9F1-B7A3-C1AD-B7F9983F8E06">
<hideElementsInCurrentOnly>false</hideElementsInCurrentOnly>
<bounds x="592" y="62" width="402" height="188"/>
</OView>
<OView class="oracle.dbtools.crest.swingui.relational.TVTable" oid="BEB6D139-E49F-DF3E-FF91-7DD002B6670F" otype="Table" vid="F9B3FDB8-A445-255F-F285-F34F373FD411">
<hideElementsInCurrentOnly>false</hideElementsInCurrentOnly>
<bounds x="144" y="68" width="263" height="127"/>
</OView>
<OView class="oracle.dbtools.crest.swingui.relational.TVTable" oid="ECB74AF8-E654-D737-635A-000FFBE28D1C" otype="Table" vid="174C3C07-6444-DC19-A506-764AC343C583">
<hideElementsInCurrentOnly>false</hideElementsInCurrentOnly>
<bounds x="283" y="379" width="322" height="146"/>
</OView>
</objectViews>
</Diagram>